name,type,lat,lng
"Government Vocational Higher Secondary School, Mananthavady",school,11.7898818,76.0029303
Govt College Mananthavady,school,11.7787782,76.0015246
Morden English school,school,11.7534917,76.0069651
GLPS Peechamkode,school,11.7501774,75.9991641
Sacred Heart Higher Secondary School,school,11.7597339,76.0104461
Govtt. Junior Technical High School,school,11.7615999,76.0103374
Railway Ticket Counter,ticket,11.7978727,76.0061983
christian,religion,11.7471808,75.9321499
Green Mart Supermarket,supermarket,11.7579087,76.0069637
National Book Stall,books,11.6132931,76.0827857
Sana Sweets,confectionery,11.8479924,76.0645387
WynnBerry,supermarket,11.8039561,76.008766
Vijeesh,photo,11.588554,76.0973988
Hiba Hypermarket,supermarket,11.6198177,76.2114351
Anugraha Bakery and Cool Bar,bakery,11.8473561,76.0629862
Chunkam Medicals,medical_supply,11.6637632,76.261842
Malabar Medicals,medical_supply,11.6639197,76.2618366
Archana sweets and bakes,bakery,11.6638125,76.2613334
Kalyan Sarees,clothes,11.6637308,76.2620787
Vegetable Shop,greengrocer,11.6639459,76.2623658
Dany sweets chungam sulthan bathery,bakery,11.6637677,76.2616348
Chungam Glass House,houseware,11.6633724,76.2614047
Bharat Sarees and Readymades,clothes,11.6631215,76.2555169
Sneha Medical,medical_supply,11.6622589,76.2536552
Bhima Jewellers,jewelry,11.6645972,76.2624867
Central Medicals,medical_supply,11.6651535,76.262657
Global Books,books,11.6637634,76.2619348
Zion Furniture Mart,furniture,11.6600335,76.1674408
J K F vegetables and fruits,greengrocer,11.6601649,76.1660593
malancharakku vyaparam,greengrocer,11.6601796,76.1659428
Chartex Kaithary vasthranirmathakkal,clothes,11.6597879,76.1646071
Madeena Family collections,clothes,11.6600799,76.1641079
Baby Mall,mall,11.6601532,76.1639184
Meleppat Golds,jewelry,11.660223,76.1635186
Gulf Bazaar,mobile_phone,11.6604088,76.1628379
Crown Electronics,radiotechnics,11.660415,76.1620345
Dona Medicals,medical_supply,11.6602818,76.1617752
Majestic,supermarket,11.6043641,76.0836209
Kerala State Road Transport Cooperation Booking,travel_agency,11.6050402,76.083659
Neethi Medical,medical_supply,11.60535,76.0835738
VK fish stall,yes,11.6073265,76.0834227
zam zam vegetables and fruits,yes,11.6077405,76.0833829
Kalpetta Pharmacy,medical_supply,11.6079946,76.0833327
Current & DC books,books,11.6081787,76.0833665
Desiya Ayurveda Pharmacy,medical_supply,11.6088163,76.08333
TipTop Furniture Wayanad,furniture,11.6556035,76.1586619
Emission Testing Centre,car_repair,11.6555312,76.1583412
Devi Industries/ workshop,taxi,11.6553505,76.157584
Thymas medicals,medical_supply,11.6099943,76.0828295
Chemmanur International Jwellers,jewelry,11.6103778,76.0825929
Neeemaathalam Books,books,11.7384017,76.0710788
Supplyco Super Market,supermarket,11.7352387,76.0730099
Ration Store #2,department_store,11.7423451,76.1199914
Petti kada,variety_store,11.7419476,76.1197161
Maveli store,department_store,11.7418938,76.1196722
Akshaya Fertiziler depot,agrarian,11.7416689,76.1195193
Meat world pork stall,butcher,11.7416544,76.1194949
Nadavayal Co-Operative Milk Society,dairy,11.7414237,76.1196726
Appai's Star Bakery,bakery,11.7414838,76.1193351
Bharath Agri super market,supermarket,11.7414362,76.1192898
Areena Studio,photo,11.7412093,76.1195091
Nagarjuna Ayurvedic store,medical_supply,11.7413032,76.1191639
Asamsa footwar,mobile_phone,11.7412244,76.1191183
Chillu footwear,mobile_phone,11.7411063,76.1190446
Chillu readymades,clothes,11.741208,76.1191069
Chillu tailors,clothes,11.7412146,76.1190939
Sams Bakery;Indian national congress I group Nadavayal Town committee office,bakery,11.7412691,76.118947
Ickara Super market,supermarket,11.741124,76.119233
Olive Bakery,bakery,11.7406501,76.1188947
PBC,storage_rental,11.7407053,76.1188102
Chittaloorkunnu co-operative milk society,dairy,11.7404865,76.1181969
Ration Shop,convenience,11.7391834,76.1182673
kallu shap,beverages,11.6634312,76.2616559
Kisan Kendra,agrarian,11.6620355,76.2523774
Chic Land,stationery,11.7980359,76.0054535
Holy Face High School,school,11.7408788,75.8994956
Galaxy Auto Spares,yes,11.5526177,76.1465813
Apple cafe,bakery,11.6093357,76.0830964
Anjekunu,books,11.7415527,76.0721245
Vinayaga Spices Agency,supermarket,11.5508546,76.0385716
durga tea agencies,yes,11.5848348,76.2540942
High School Meppadi,school,11.5604563,76.130612
Wayanad Backpackers,travel_agency,11.6333558,76.223176
Bosch Car Service,car_repair,11.6588506,76.1706467
falcon,supermarket,11.6600314,76.1676798
famous,bakery,11.6599886,76.1678347
auto care,car_repair,11.6602184,76.1673016
aysha complex,mall,11.6610852,76.1618502
GLPS Meenangadi,school,11.6630285,76.1670961
"Government Model Higher Secondary School, Varkala",school,11.7301736,75.9555439
Cocoons Gents Wear,clothes,11.7235311,76.149975
Vikas Bakes,bakery,11.7233944,76.1521496
Clothier Fashion Hub,clothes,11.723498,76.1517313
Indu Medicals Kenichira,medical_supply,11.7223118,76.1529931
Supply Co Maveli Store,supermarket,11.7220166,76.153013
Kerala State Beverages Corporation Outlet,beverages,11.6678028,76.2248337
Lulu Wedding Centre,clothes,11.658322,76.2485346
Beverages Corporation Pulpally,beverages,11.7852747,76.1658764
Government Ration Shop,convenience,11.6349264,76.2552878
Kunthani School,school,11.6315066,76.2597093
Hair Cut,hairdresser,11.6316343,76.2512224
Bevco,alcohol,11.8017448,76.0102265
Stationary Shop,stationery,11.8587978,76.1817139
General Store,general,11.8587566,76.1818412
General Store,general,11.8588443,76.181867
Barber Shop,hairdresser,11.8588,76.1818615
Vismaya Studio,photo,11.8585755,76.181718
General Store,general,11.8585828,76.1816236
General Store,general,11.8588503,76.1817345
Butcher's Shop,butcher,11.8590775,76.1819908
Ration Shop,general,11.8591578,76.182028
Interior Decoration Store,interior_decoration,11.8594791,76.1820328
Electrical Equipment Store,electrical,11.8595398,76.18205
Maniyath chicken store,butcher,11.839104,76.1789447
chicken shop,butcher,11.839616,76.1793
Famous Bakery,bakery,11.5530978,76.1319604
KSR vegetables,greengrocer,11.552807,76.1325946
Metro Stores,yes,11.5533726,76.1317368
CMB Central Shop,yes,11.5527751,76.1320793
Jio Store,mobile_phone,11.5521507,76.13258
Mobile Hub,mobile_phone,11.5526802,76.1321873
Mastro,yes,11.5524782,76.1322777
V-MART Hypermarket,supermarket,11.5528907,76.1322328
Karuna Chappals,shoes,11.5529812,76.1324174
London Beard Men Fashion Store,beauty,11.5525383,76.1325353
Mulberry Fashion Kids and Ladies,clothes,11.5521567,76.1324337
Lb Shoes,shoes,11.5525948,76.1324906
Family Textiles,clothes,11.5528418,76.1324438
Apna Fancy,yes,11.5529632,76.1330699
She's Boutique,clothes,11.5530429,76.1330354
EC Tailors,tailor,11.55279,76.1329032
Vanitha Textiles,clothes,11.5529712,76.132641
Parol Fashion Jewellery,jewelry,11.5529792,76.1328788
The Mobile Shoppee,mobile_phone,11.55279,76.1330638
Matrix Net Cafe& Proffessional,yes,11.5526779,76.1343489
Hiba Supermarket,supermarket,11.5529334,76.1332813
Blooms Collections,clothes,11.5530578,76.1338363
Monalisa Communications,yes,11.5531116,76.1326735
Chelsea gents store,yes,11.5524922,76.1336086
Nighty Bazar,clothes,11.5527547,76.1346114
Benz Driving School Test Ground,school,11.5526385,76.134668
KVM Store Meppadi,yes,11.5531691,76.134668
Malabar trading,yes,11.5536233,76.1349937
Sree Shanmuga Home appliances,yes,11.5537117,76.1354254
MRF Tyres Meppadi,tyres,11.5532733,76.1368818
Le Biaz Gents Wear,clothes,11.5533699,76.1371529
Fresh bakers and Cofee coolbar,bakery,11.8403195,75.9538554
Dhanwandhari Ayurveda Medicals,medical_supply,11.8405028,75.9538967
Gopika Coolbar,bakery,11.6365556,76.3067586
Shop,stationery,11.636662,76.3068123
Mundrayil hardware and electricals;M M stores,paint,11.6043256,76.3246926
MUGAL JWELLERY,yes,11.7395072,76.0730592
Tharique Furniture,furniture,11.6339577,76.0630418
orchid,stationery,11.7905846,76.1664057
shalu,stationery,11.790625,76.1664527
stuent center,books,11.7902443,76.1664398
hanuman covil;GVN textiles,place_of_worship,11.7920082,76.1662183
minnus,clothes,11.7916584,76.1660852
salala,stationery,11.7916059,76.1660828
maveli store,yes,11.7914413,76.1665008
friends,yes,11.7914139,76.1664004
medical shop,medical_supply,11.7913533,76.1663883
calicut vegitables,yes,11.7909851,76.166372
kensa,stationery,11.7909871,76.1664046
muses book stall,books,11.7897613,76.1665408
shankar ayurvedic shop,yes,11.7891544,76.1666932
yuva textiles,clothes,11.7891982,76.1666688
brahmagiri meats,yes,11.7925965,76.1637942
banana shop,yes,11.7928982,76.1635023
anna tailorings,tailor,11.7928731,76.1635303
paramettante kada,kiosk,11.6317638,76.049248
Gvt.High school Cheeral,school,11.6090243,76.3146417
Say Medical Shop,medical_supply,11.6083181,76.3123409
AUPS Cheeral,school,11.6079817,76.3155391
Govt Higher Secondary School Cheeral,school,11.6084305,76.3149779
store,department_store,11.8092317,76.0584002
Government  Higher Secondary School Valad,school,11.7965268,75.8864841
party office,yes,11.7918106,76.1670063
Grand Fresh,supermarket,11.6138938,76.082545
Computer Solutions,computer,11.6138229,76.0825544
4 U Beauty Parlor,beauty,11.6139175,76.0822366
De Purple Mens,clothes,11.613903,76.082415
Hill Tower,mall,11.6139713,76.0824766
Yes Bharath Wedding Collections,clothes,11.6141579,76.0825973
P T M,supermarket,11.6143247,76.082777
Aksa Bakes,bakery,11.6145861,76.0827931
Lavanya,fashion_accessories,11.6147687,76.0828522
Tunes,mobile_phone,11.6146518,76.0828213
Puthuma Textiles,clothes,11.6147162,76.0828253
Walnuts,bakery,11.6150853,76.0829313
Grand Bakes,bakery,11.6152022,76.0830158
Picardo,yes,11.6154544,76.0830319
Malabar Gold,jewelry,11.6165382,76.0834168
Vijaya Agencies,yes,11.6173211,76.083465
My G Digital Hub,mobile_phone,11.6147411,76.0829997
Lora Trendy Collections,fashion_accessories,11.614883,76.0831163
Hi Tech Mobile World,mobile_phone,11.6151471,76.0831941
Classic Mobiles,mobile_phone,11.6151891,76.0831888
Westlife Boutique,clothes,11.6153441,76.0832853
Zara,clothes,11.6155096,76.0833484
Sindur,clothes,11.6158052,76.083693
Yem yem,hardware,11.6173329,76.0839009
Soundharya Bakes,bakery,11.6176154,76.0841021
Wild Craft Store,clothes,11.6180738,76.0843864
jurassic park,bakery,11.7920374,76.167164
mill,yes,11.7919776,76.1680781
House,clothes,11.787746,76.1690116
chicken shop,butcher,11.6146293,76.0823177
chicken shop,butcher,11.6148947,76.0819797
apple,bakery,11.6153249,76.0817558
sumangali texs,clothes,11.6171955,76.0803402
Topshop,clothes,11.6598484,76.1654841
House,clothes,11.7908203,76.1767038
vadakara,shoes,11.6408561,76.1125087
vasthra,clothes,11.6409333,76.1122702
minnaas,beauty,11.6408061,76.1127194
Bhavans Vidhya Mandir,school,11.6660353,76.2372766
AR STORE GRAMAM THONONICHAL,convenience,11.7720491,75.9903189
ASAP Community Skill Park Mananthavadi,school,11.7778243,76.0004797
Oxy Roof,yes,11.793469,75.9943997
Patturumal Textiles,clothes,11.7338008,75.9355649
Home Centre Furniture,furniture,11.7339295,75.9360075
Gulf Corner,electronics,11.6123912,76.0828988
Pta Co Operative Store,stationery,11.8331545,75.969198
Photocopy Center,kiosk,11.8332524,75.9703697
Hypercity Supermarket,supermarket,11.6761792,76.0753451
K V R Bajaj,motorcycle_repair,11.6437682,76.1124311
G H S Kakkavayal School Ground,school,11.6477979,76.1442753
Udaya,pet,11.6634259,76.2618606
Palakara Anganvady,school,11.6660414,76.2813776
Mundakkan Store,supermarket,11.6679661,76.2816781
"WMO English Acadamy Senior Secondary School, Mandad",school,11.6346047,76.1173929
Kozhuvana ration shop,convenience,11.5970325,76.2936931
anupama jwelry,jewelry,11.6149523,76.082918
GLPS Mundakkuttykunnu,school,11.7672863,76.1493393
Ration Shop Sulthan Bathery,supermarket,11.6623349,76.2632121
Petrol Bunk,fuel,11.6678118,76.2665408
Gups Pinangode,school,11.6182183,76.0269165
Government Lower Primary School Poomala,school,11.6500151,76.2500145
alps puthenkunnu,school,11.6497866,76.2858245
Aup School Vazhavatta,school,11.612664,76.1531391
Glps Kallupadi,school,11.6341305,76.149818
gups bavali,school,11.8481192,76.1099802
SN A Lower Primary School Ground,school,11.8005876,76.2088565
Snalp School Narayanapuram,school,11.7027993,76.2120297
Anmup School Gokhale Nagar,school,11.680928,76.1823877
GUPS Mananthavady,school,11.8015309,76.0021429
kunnath house,clothes,11.6323565,76.1924681
S A L P School Kuppadithara,school,11.6931963,76.0129129
Kalyan Silks,clothes,11.6056178,76.0834341
G L P School Kalpetta,school,11.6083893,76.0839043
ambukuthi subcenter,supermarket,11.6170238,76.2421165
SNM LP School Varayal,school,11.839005,75.9013173
Cno.04 Nallannoor Anganwadi. Muppinad,school,11.5550103,76.1720224
walnut cakes,bakery,11.6586693,76.2466478
happy 7 days,supermarket,11.6588559,76.246326
Bharath Tyres & 3D Wheel Alignment,tyres,11.7245267,76.0781993
PB Automotive,general,11.7285873,76.0752304
poomala store,general,11.6457507,76.2500646
New stores Poomala,general,11.6461037,76.2501722
"Ration Shop, Kaithakkal",grocery,11.7546514,76.0615671
PATHOOS SHOP Panamaram,clothes,11.7394277,76.0732177
Supplyco,yes,11.6645173,76.2609778
Kuppadi Ration Shop,yes,11.6831815,76.2694877
grocery shop,yes,11.6351603,76.2195517
Famous bakery,bakery,11.6298819,76.2131735
grocery shop,yes,11.6287191,76.225492
grocery shop,yes,11.6302509,76.2234089
corner medical shop,medical_supply,11.6184738,76.2113093
AC Hypermarket,supermarket,11.6182688,76.2125913
Milma Sugandhagiri,dairy,11.5491598,76.0201495
Ration Shop Sugandhagiri,convenience,11.5492725,76.0224204
Pozhuthana Ration Shop,convenience,11.5883943,76.0180674
Maveli store,convenience,11.5492819,76.0225131
Gov LPS Amba,school,11.5580855,75.992098
Govt LP School Vrindavan,school,11.5510152,76.004364
Ration Shop,convenience,11.5871923,76.0182861
Buds  School,school,11.6165178,76.0055586
Achoor Ration Shop,convenience,11.6015015,76.0125384
6th mile Ration Shop,convenience,11.6073016,76.0068318
Athimoola Ration Shop,convenience,11.6050593,76.0382851
Royal travels,travel_agency,11.5530731,76.1320669
Malabar gold,jewelry,11.5530442,76.1320793
Boots City,shoes,11.5536385,76.1358992
Mina Gold,jewelry,11.5534465,76.1371051
K B Steels and Hardwares,hardware,11.5548695,76.1396194
Amritha Shree,grocery,11.5530907,76.1345059
KEY BEES supermarket,supermarket,11.5537877,76.1313278
tharappel nursery,yes,11.6287656,76.2119281
chicken stall,butcher,11.6352957,76.2195046
grocery shop,yes,11.6333491,76.2233291
Gandhi Gramam,craft,11.6314913,76.2308207
grocery store,yes,11.6163726,76.2322205
grocery store,yes,11.6177053,76.2356466
Grocery store,grocery,11.6251991,76.2431144
Stationary shop,yes,11.6264016,76.2421382
glam up,hairdresser,11.5527337,76.1344651
jadeed hardwares,hardware,11.5522106,76.1530217
marakkar stores,general,11.551159,76.1547662
MSA bakery,bakery,11.5527418,76.1332815
"Government Lower Primary School, Valiyapara",school,11.6087494,76.0033
"Ration Shop, Edapetty",grocery,11.6340196,76.100727
"Ration Shop, Madakkimala",grocery,11.6621522,76.0839813
"Ration Shop, Pariyaram",grocery,11.6492945,76.1012233
"Ration Shop, Vazhavatta",grocery,11.6189466,76.158358
"Ration Shop1, Muttil",grocery,11.64271,76.1114806
"Ration Shop2, Muttil",yes,11.6427427,76.1115113
"Ration shop, Kolavayal",grocery,11.65475,76.120444
"Ration Shop, Paralikunn",grocery,11.6705486,76.0895865
"W.M.O Speech And Hearing School, Muttil",school,11.6334041,76.1200997
Ration Shop 41,grocery,11.5541305,76.1312281
Ration Shop 39,grocery,11.5518168,76.1327189
Ration Shop 19,grocery,11.5517675,76.1327732
"Ration Shop, Pakkam",grocery,11.6127208,76.1539411
Ration Shop,convenience,11.6294595,76.1283854
"Ration Shop, Mandad",grocery,11.628518,76.1317343
Ration Shop 44,grocery,11.4991625,76.1597467
Ration shop 46,grocery,11.4996527,76.1598683
"Hai Fresh Supermarket, Chundale",supermarket,11.5745824,76.0592914
Ration Shop 38,grocery,11.5754051,76.0962251
"Ration Shop 13, Chundel",grocery,11.57452,76.0624981
Ration Shop 18 Kottanad,grocery,11.570377,76.1147041
Ration Shop 97Chembothara,grocery,11.5729148,76.1254227
Ration Shop 20,grocery,11.5652194,76.1436044
Ration Shop 70 Nellimalam,grocery,11.5991757,76.1315788
Ration Shop 16 Uppupra,grocery,11.5868982,76.1411484
Pookolas medicare,medical_supply,11.7360198,75.984788
Government Lower Primary School Cheegavalam,school,11.589178,76.2093147
ration shop,convenience,11.8408437,75.9541067
RAtion Shop,yes,11.798299,76.1908464
Ration shop yavanarkulam,yes,11.7915461,75.9362075
Orange studio,photo,11.5557555,76.0387909
rippon government high school,school,11.5349106,76.1737041
Issac's Stationary Shop,stationery,11.7559517,75.9806668
"Joy""s Essentials Shop",yes,11.7542077,75.9687938
"Ration Shop, Vythiri",grocery,11.5539,76.0391374
"Ration Shop, Chundale",grocery,11.5742185,76.0580424
ration shop periya,general,11.8336816,75.8569163
4U CAFE,bakery,11.7663435,75.9626194
Government Upper Primary School Periya,school,11.8334583,75.8542324
Ration shop valad HS,general,11.7963177,75.8874249
Ration shop valad,general,11.7949831,75.9062172
Maveli Store Valad,general,11.7948146,75.9065738
Ration Store Edathana,general,11.8147476,75.9134947
Ration Shop Kattimoola,general,11.7976019,75.9213242
Ration Shop thalapuzha 3,general,11.8401345,75.9540261
Ration shop thalapuzha 3,general,11.8400592,75.9550591
"Ration Shop, Chundale",grocery,11.5747778,76.061489
Toddy Shop,beverages,11.7783899,76.079665
Thekkumthara Ration Shop,grocerry,11.6488703,76.041628
madakunn ration shop,grocery,11.6505229,76.0207323
Sunnys Shop,stationery,11.7965281,76.0811943
Ajis Shop,stationery,11.79643,76.0810124
Ration Shop,convenience,11.6152476,76.0588867
Vengapally ration shop,grocery,11.6121747,76.0436911
Car Palace,car_repair,11.6351181,76.0906313
Yamaha,motorcycle,11.6360279,76.0915872
Royal Enfield Showroom,motorcycle,11.6302949,76.0890314
Shri Shankara Vidhya Mandhiram,school,11.6389594,76.0884974
Car Choice,car_repair,11.6352891,76.0904434
"Ration Shop, Mayiladi",grocery,11.6801737,76.0460957
soorya mills,convenience,11.7666025,75.9632346
Nambikolli ration shop,grocery,11.635679,76.306846
Cherumad Ration Shop,convenience,11.6191355,76.2893457
Cheeral ration shop,grocery,11.6078319,76.3124597
"Cheeral,kallumukku ration shop",grocery,11.6095834,76.3045369
Ration Shop,convenience,11.5856902,76.3183206
Mundakkolly ration shop,grocery,11.6195769,76.3240961
Thovarimala ration shop,grocery,11.6081392,76.2548276
Ration Shop,convenience,11.6188414,76.2756122
Thazhathoor ration shop,grocery,11.6113621,76.2863854
Malavayal Ration Shop,grocery,11.6348639,76.2553359
Ambukuthy Ration Shop,grocery,11.6165104,76.2307778
Chulliyode ration shop,convenience,11.6017778,76.2570091
Chulliyode ration shop,convenience,11.6015099,76.2559425
Makkutty Ration Shop,convenience,11.6500439,76.2784319
Karadippara Ration Shop,convenience,11.5929832,76.2441613
East Cheeral Ration Shop,convenience,11.6028542,76.3246999
GLPS Appad,school,11.696444,76.1729759
"GLPS , Chulliyode",school,11.59996,76.2648596
Maveli Store,government,11.660502,76.1628074
Gayathri Home Appliance,yes,11.6604492,76.1621094
Ration Shop,convenience,11.7748359,76.0277788
Ration Shop,convenience,11.7546251,75.9687318
Supplyco Super Market,supermarket,11.6636578,76.1606401
Athinila Ration Shop,yes,11.6708192,76.1774759
Ration Shop,convenience,11.7717347,76.0000294
Madoor Ration Shop,yes,11.6862675,76.1995354
GHSS Meenangadi,school,11.6642287,76.1672659
GLPS CC Bhoothanam,school,11.6816489,76.2029816
Mepperikkunnu Ration Shop,yes,11.6503058,76.1881686
"Ration Shop 54, Meenangadi",yes,11.6587325,76.1714048
Meenangadi Ration Shop,yes,11.6602617,76.1641596
Ration Shop Appad,yes,11.6926305,76.1743412
Ration Shop Mylambadi,yes,11.6832949,76.1826947
Ration Shop Meenangadi,yes,11.6616557,76.1616658
Ration Shop Chendakkuni,yes,11.6698168,76.1515985
Ration Shop Palakkamoola,yes,11.6744459,76.1438397
Manivayal Ration Shop,yes,11.6956957,76.1461318
Choothupara Ration Shop,yes,11.7032344,76.1624196
Ration SHop Krishnagiri,yes,11.6623647,76.190393
Ration Shop Kolagappara,yes,11.655378,76.2107366
Cheeramkunnu Ration Shop,yes,11.6473226,76.1677143
Arivayal Ration Shop,yes,11.6718246,76.2193591
Kakkavayal Ration Shop,yes,11.6511566,76.142141
Ration Shop,convenience,11.765271,75.9614514
Ration Shop,convenience,11.6641264,76.0418077
walnut sweets,yes,11.7335028,76.0729502
Family Supermarket,supermarket,11.7553992,76.0076312
EYE CARE OPTICALS,optician,11.7397816,76.0729911
KT FOOT WEAR,yes,11.7398226,76.0729292
MAITHRI SHOP,yes,11.7398771,76.0729495
FAMILY CENTER,yes,11.739004,76.0732063
BROTHERS BAKERY,yes,11.740421,76.0732941
SIDE VIEW,yes,11.7403948,76.0732685
NETSPOT CAFE,yes,11.73957,76.0730969
JEEVAN MEDICAL SHOP,yes,11.7395594,76.0731437
Sony,electronics,11.7396422,76.0731365
BROTHERS BAKERY,yes,11.73954,76.0731077
KPC SHOP,yes,11.739392,76.0728269
VAIDHYA SHALA,yes,11.7393479,76.0728503
tea shop,yes,11.7389377,76.0734532
Kunnmal angady rationshop,grocery,11.7275851,75.9829774
"Ration Shop, 16th Mile",grocery,11.6972997,75.9792736
Ration Shop,grocery,11.7004158,75.9969327
"Ration Shop, Kuppadithara",grocery,11.6896816,76.0020281
"Ration Shop, Padinjarathara",grocery,11.675251,75.9891041
"Ration Shop, Padinjarethara",grocery,11.6777399,75.9754105
Ration Shop,grocery,11.6796278,75.9732529
Ration Shop,grocery,11.6770536,75.9772721
Ration Shop,grocery,11.6655446,75.9759211
Ration Shop,grocery,11.6827432,75.9545594
Ration Shop,convenience,11.7122751,76.0109728
Motani wadi,farm,11.8170697,76.0296454
Ration Shop,convenience,11.8482099,76.0646313
Ration Shop,convenience,11.8473165,76.0629414
Ration Shop,convenience,11.9418132,76.0597462
Ration Shop,convenience,11.9052958,76.0327631
Ration Shop,convenience,11.8219818,76.0851566
Ration Shop,convenience,11.8880612,76.0373101
Ration Shop,convenience,11.8994051,76.0068184
Ration Shop,convenience,11.9304506,76.0494518
Ration Shop,convenience,11.8460057,76.0626048
Ration Shop,convenience,11.7546238,76.0241021
Ration Shop,convenience,11.752783,76.0360142
Ration Shop,convenience,11.7602716,76.061479
Ration Shop,convenience,11.7310128,76.0727831
Ration Shop,convenience,11.7409234,76.0739927
Ration Shop,convenience,11.7511634,76.0915366
Ration Shop,convenience,11.7542203,76.0649341
Ration Shop,convenience,11.7405664,76.0223321
Ration Shop,convenience,11.7221419,76.0374891
Ration Shop,convenience,11.7091467,76.0379677
Ration Shop,convenience,11.7734825,76.0819689
Ration Shop,convenience,11.7557193,76.0432392
Ration Shop,convenience,11.7293889,76.0615979
Ration Shop,convenience,11.7013865,76.054571
Maveli Store,convenience,11.668752,76.3119337
Ration Shop,convenience,11.6507488,76.3169679
Government Lower Primary School,school,11.7229917,76.286269
St . School,school,11.7383842,76.1181995
Gvt lp school nelliyambam,school,11.7387314,76.098739
Kaniyambetta 52,grocery,11.694003,76.0809892
Milma,dairy,11.7406228,75.9003373
Ration Shop Makkiyad,convenience,11.7415576,75.8997536
Ration Shop,convenience,11.7352781,76.2440625
Ration Shop,convenience,11.7644223,75.9125622
Ration Shop,convenience,11.7424763,75.8636989
Maveli Store,convenience,11.7436217,75.8787412
Ration Shop,convenience,11.6856389,76.276382
Ration Shop,convenience,11.6822457,76.2708087
Ration Shop,convenience,11.6607948,76.3003115
Ration Shop,convenience,11.6614195,76.2324408
Ration Shop,convenience,11.6585204,76.2795912
Ration Shop,convenience,11.6760261,76.2276768
Ration Shop,convenience,11.6461685,76.2504198
Ration Shop,convenience,11.6612528,76.2552172
Ration Shop,convenience,11.6629404,76.2585873
Ration Shop,convenience,11.6603122,76.2569338
Supplyco,supermarket,11.6597569,76.2564784
Ration Shop,convenience,11.6972077,76.2647178
Ration Shop,convenience,11.6241166,76.071935
Supplyco,supermarket,11.6266054,76.0708349
Supply Co - Depot,supermarket,11.6204547,76.088412
Ration Shop,convenience,11.6367434,76.0928875
Campingzaa,travel_agency,11.5997982,76.0808973
Thomas Chettan's Tea Shop,tea,11.8357478,76.0276134
Ration Shop,convenience,11.8431782,75.9948547
Maveli Store,convenience,11.8428246,75.9953701
Ration Shop,convenience,11.8167964,76.0167709
Ration Shop,convenience,11.8101604,76.0522518
Ration Shop,convenience,11.7873668,76.0464214
Ration Shop,convenience,11.800876,76.0281023
Ration Shop,convenience,11.8023829,76.0307462
Ration Shop,convenience,11.7978772,76.0062277
Ration Shop,convenience,11.8030548,76.0053879
Ration Shop,convenience,11.7966607,76.0001771
Ration Shop,convenience,11.796863,75.9999541
Ration Shop,convenience,11.8109008,76.0044494
Ration Shop,convenience,11.8034081,75.9874061
Ration Shop,convenience,11.8291102,75.9767795
Ration Shop,convenience,11.8195613,75.9897774
BUDS School,school,11.8321764,75.992826
Ration Shop,convenience,11.8530615,75.9666891
Janamythri Super Market,supermarket,11.7185762,75.938766
Janakiya Store,convenience,11.7175531,75.9383984
Kamba Store,convenience,11.7176481,75.9384395
Ration Shop,convenience,11.71784,75.9387828
Tea shop,tea,11.7172301,75.9382754
Chembra Peak,ticket,11.5538079,76.1019546
Classic Hyundai,car,11.8103202,76.015026
Kachery Honda,motorcycle,11.8104475,76.0149992
Mall of Kallat,mall,11.8031869,76.0083512
Retail Timber Depot,timber,11.6908002,76.257619
Anganavadi,school,11.6222277,76.1233008
P P Associates,hardware,11.7588382,76.0070546
Apple Bakery,tea,11.8023466,76.03065
Van Tickets,ticket,11.6721009,75.9563251
Enna Ooru Tickets,ticket,11.5327527,76.0250455
Wayanad Khadi Gramam,clothes,11.5406482,76.0374034
Olive Supermarket,supermarket,11.5412534,76.0376922
Elly Handcraft Shop,gift,11.529641,76.0153341
Tribes of India,gift,11.5288094,76.0155415
Happy Top Spices and Handicraft,spices,11.5290948,76.0244128
Spices And Handicrafts,gift,11.529037,76.0244304
Varada Agricultural Products Shop,convenience,11.5296861,76.0153403
Kuduma Agro Products,convenience,11.5297273,76.0154244
Vanagramam Forest Products,convenience,11.5297085,76.0155012
Amma Dry food shop,nuts,11.5295468,76.0155924
Chitramala Mural Art,craft,11.529557,76.0155422
Malayoram Spices,spices,11.5297462,76.0153443
Vanamalika FOrest Products,convenience,11.5297206,76.015308
Nanma S T Kudumbasree Tribal Products,convenience,11.5297459,76.0152036
CH Store,country_store,11.71715,75.9379044
Tea shop,tea,11.7174768,75.9383613
Tea shop,tea,11.7177671,75.9385051
Farmers Co-operative society and fertilizer Dippo,agrarian,11.806404630582273,75.8676119121848
"Government Higher Secondary School, Kottathara",school,11.67133365143164,76.02886384649588
Little Flower U. P. School,school,11.79941697966647,76.00524053337101
Little Flower U. P. School,school,11.79910129998209,76.00522085627377
Little Flower U. P. School,school,11.799214047399785,76.0049570357204
Kaniyaram AUP School,school,11.809720284473464,75.9992234186824
Milma,yes,11.803718261095117,76.0048210350205
Winner's,bakery,11.802857101572705,76.0034969703919
Hill Blooms Higher Secondary School,school,11.79226939501943,75.9928187838382
Fr. G. K. M. H. School,school,11.807267857166837,75.9977142140402
Fr. G. K. M. H. School,school,11.806728335593426,75.99735246756968
Little Flower U. P. School,school,11.799597062256312,76.00515814434158
St Joseph's Higher Secondary School Ground,school,11.767823936498065,75.96413035904637
St Joseph's Upper Primary School,school,11.765711434018549,75.96227473446231
ANM Upper Primary School Edavaka,school,11.786033189410517,75.96183403585795
D C M Upper Primary School Thirunelly,school,11.90666733779827,76.03334822793967
AUP School Dwaraka,school,11.759380660893214,76.00728998272149
Rchss Ground,school,11.576897008470935,76.0623721213033
WOHSS Pinangode,school,11.626215876936934,76.01805630554398
Assumption A U P School,school,11.662713561492593,76.25217069969399
Government Upper Primary School Kambalakkad,school,11.677247539346194,76.0762267931582
"GHS, Anappara",school,11.600247892520402,76.25004567903345
GHSS Anapara school,school,11.598508103145448,76.24983913822996
St. Mary's AUP School Kabanigiri,school,11.856439301186251,76.18025506179582
Nirmala High School. Kabanigiri,school,11.85575488299936,76.180069385502
Mint Mall,mall,11.664194142674503,76.26162589629399
Tee pee motors,car_repair,11.659084580971813,76.27890464016076
The Green Hils Public School,school,11.672600129012606,76.28908205154269
"Government Higher Secondary School, Moolankavu",school,11.674443452054986,76.2889148829025
St Thomas Higher Secondary School Nadavayal,school,11.73846438541638,76.11847023902739
St Thomas Lower Primary School Nadavayal,school,11.739795916832716,76.11988390984803
Niravilppusha dairy producers co-operative society,dairy,11.742857835493108,75.86115423061929
"Jawahar Navodaya Vidyalaya, Lakkidi",school,11.535316109396192,76.02050352422187
Amma Sahayam Upper Primary School Thekkumthara,school,11.649065450958515,76.0411633203335
SABU SHOP,trade,11.701160881625778,76.05365633542613
Nivedhitha Vidhya Nikethan Upper Primary school,school,11.699145222297638,76.08291191699747
Government Higher Secondary School Kaniyambetta,school,11.6998531602863,76.08350943040249
Government Polytechnic College Meenangadi,school,11.665135861796534,76.15424076678536
Kunthani School,school,11.631388015809176,76.25969994283743
"Gvhss Ambalavayal High School, Kerala",school,11.621965030566475,76.21303301890653
"CMS Higher Secondary School, Arapetta",school,11.54056866812752,76.1603256323961
vanhode AUPS,school,11.755680343196286,75.90575290753915
M T D M Higher Secondary School Thondernadu,school,11.755440850850677,75.88057036141352
Sree Narayana Higher Secondary School Poothadi,school,11.712973117121042,76.11729542990814
St Annes English Medium Public School,school,11.733108214001733,75.9420070713523
Government Higher Secondary School Koleri,school,11.71327646255793,76.16813597148155
Government High School Athiratukunnu,school,11.742482228967924,76.16863890938596
Government High School Beenachi,school,11.662333860236481,76.23474235112441
"Vijaya Higher Secondary , High School Ground",school,11.790981827091112,76.16705692587668
tea shop and grocery,supermarket,11.832663801229556,75.96871646544935
Amrita Vidyalayam Pulpally,school,11.781970755245448,76.16460824903729
"W.O Higher Secondary School, Muttil",school,11.633379870800981,76.11882905419397
St.Sebastians Upper Primary School Padichira,school,11.837432047425887,76.17715956472925
parisons tea factory outlet,general,11.837161470486874,75.95964295475798
Thalapuzha milk producers co-operative society,dairy,11.835003830687953,75.96407013763528
Car Repair Shop,car_repair,11.656013592059635,76.15980688449189
Government Lower Primary School Meenangadi,school,11.663686581250829,76.16648991223758
St.Peter'S And St.Paul'S English Medium School,school,11.659129467395344,76.17346155292545
Wayanad Milk plant,dairy,11.636246056587195,76.3060779437049
Mar Baselios AUP School Koliyadi,school,11.63543210656847,76.27536767270928
Government Lower Primary School Appad,school,11.696448883499851,76.17300906968131
musus bookstall,books,11.789738719268344,76.16649970568402
live computers,computer,11.790696603740024,76.16641521650935
calicut vegetables,department_store,11.790804435580323,76.16642569962026
Vijaya Lower Primary School,school,11.788721771686701,76.16699125171456
veterinary medical shop,medical_supply,11.789440694638106,76.16658651150459
illikkal bakery,bakery,11.789308050404774,76.16670768859005
shobha textiles,clothes,11.791517244311303,76.16636024332158
indian stores,department_store,11.791462095260194,76.16638274709406
AUPS Cheeral,school,11.608009335322983,76.31554695301926
St.Marys Higher Secondary School Mullankolly,school,11.819144502955309,76.16220905027878
chicken shop,yes,11.693560788229433,76.17620358188908
illath stores,yes,11.693602033333336,76.17624388997291
toddy shop,yes,11.701441619713167,76.1832804791704
GHSS Kakkavayal,school,11.646853545428133,76.14405364711658
Jam Joom Hypermarket,mall,11.6097493,76.081696
Ration Shop,yes,11.63105672704098,76.06587468599811
vijay L P school ground,school,11.789053096523704,76.16692785704676
school entry,school,11.789282595339447,76.16645360193972
Sn balavihar school ground no:1,school,11.78925219198762,76.16628393457579
no:2,school,11.789187455231472,76.16570705303862
st.marys ground,school,11.78866627566583,76.17731506091376
chiken stall,yes,11.718214061046158,76.18837624529348
Popular Used Cars (True Value),car,11.595025793947928,76.07477493193988
menaga textiles,clothes,11.848096049999999,76.06411355
Mundrayil hardware,paint,11.607510917178756,76.31139439472453
johnsons,electronics,11.791575677222536,76.16633909188022
mothers mart,supermarket,11.787121580099793,76.16673317367415
agriculture office,stationery,11.783411133333335,76.16271132121896
appoos,bakery,11.787016586013692,76.1666982587015
town medicals,medical_supply,11.786383339142116,76.1667477337147
beverages outlet,beverages,11.785352354117915,76.1660552679707
amrita vidyalayam,school,11.781927652842418,76.16444877441057
babys store,general,11.786625378669388,76.1664574670618
barber shop,hairdresser,11.786503449857808,76.16684892670548
shashi barber shop,hairdresser,11.786598477422201,76.16645478982556
sv vegetables,general,11.786555053212565,76.16680436214448
Johnson's store,general,11.786593389288509,76.166773406814
"Government High School, Kakkavayal",school,11.647049580581362,76.14460518072549
"Santhi Public School, Cheeral",school,11.607556354298348,76.30985427539727
Government Vocational Higher secondary School Kalpetta,school,11.623943820776002,76.0729605371009
Track and Trail,bicycle,11.808769717530144,76.00482552006724
"Ration Shop, Theneri",grocery,11.6441910796417,76.14495980567658
G S V Higher Secondary School Bathery,school,11.662710864089876,76.26848595767642
Sanjoe public school,school,11.807064562976079,75.99583500352637
sanjoe public school Mananthavady,school,11.806390862752984,75.9948036522354
Indus motors,car,11.648994616805027,76.13846138346709
SKMJ Ground,school,11.621767041127823,76.08738501500963
S D M Lower Primary School Kalpetta,school,11.62367372028086,76.08802206093107
School Ground,school,11.622876757050236,76.08767352620461
"St. Joseph's Convent School, Kalpetta",school,11.61053147651649,76.0792656744414
cement shop,yes,11.786665948996733,76.16638940775286
jwellary,yes,11.792523400044299,76.16563152046785
food,yes,11.791545640035123,76.16610856794054
stationary,yes,11.789823830274644,76.16627535338186
Beenachi government school,school,11.662765962132529,76.23491192724497
Shoppers Stop,department_store,11.556370378673108,76.14184922853477
Thangals Prakriti Gramam,greengrocer,11.620506672115395,76.02629434518737
maruthi point Car Service,car_repair,11.784595097607754,76.16774776628151
Thrissilery Buds School,school,11.846514922821614,76.03353705941173
GHSS Thrissilery,school,11.846733987886019,76.03818221561087
VK ASSOCIATES HARDWARE TILES&SANITARY,tiles,11.793021726563406,75.9944298956927
ph,hardware,11.618678902698152,76.02896063875556
Star bakery,bakery,11.622129230605038,76.02436855138116
A&T Associates,electronics,11.6203270878925,76.02579121346507
St.Marys English School Pulpally,school,11.788484771652428,76.17742312594058
Shoppers Stop,department_store,11.661622674211328,76.25498153666395
Regency,wine,11.661234846994612,76.2561777055346
fresh marginfree,supermarket,11.662152638468164,76.25398841943193
"RC Lower Primary School, Vengappally",school,11.60994114255934,76.04834819610942
Fr.Tezzas Special school,school,11.828758323757818,75.98171346148051
"Government Lower Primary School, Kurichyarmala",school,11.60871185626048,75.99370357047091
AutoCare,car_repair,11.706936941849097,76.09282924295175
Nehda Supermarket,supermarket,11.75007148760687,76.01822988311547
"Holy Infant Mary's Upper Primary School,Chelode",school,11.560512948663971,76.04024087119238
"St. Claret Public School, Charity",school,11.537917419964694,76.04097449945704
Sumin Stores,supermarket,11.550355299999998,76.0387298
Saint Sebastian Upper Primary School Kommayad,school,11.73275322546364,76.01047229532664
"Government High School, Achoor",school,11.599597028629683,76.01577074663372
"Government Lower Primary School, Achooranam",school,11.587189273620657,76.01910297424419
"Love Shore SP School, Pozhuthana",school,11.588100687844323,76.02326363185496
Sree Narayana Aided Lower Primary School Ground (SNALPS)  Kappiset,school,11.800588185514854,76.2088492199537
Government High School Kappiset,school,11.80194889587281,76.20081743511093
Government Upper Primary School Sasimala,school,11.815037729717021,76.1970271199618
Government Lower Primary School Kolavally,school,11.844021078186868,76.20121350149196
Government Lower Primary School Marakkadavu,school,11.868525136325596,76.18318029949327
St Thomas Upper Primary School Perikkalloor,school,11.857083171311844,76.15246483477907
Government High School Perikkallur,school,11.86087584720906,76.15084693817444
Government Upper Primary School Bavali,school,11.848115006958336,76.10998285941226
Assisi Lower Primary School Cheloor,school,11.857698528291419,76.07739232306567
St.Marys English Medium School Chettappalam,school,11.79949757244677,76.19293800993452
Devamatha Aided Lower Primary School Adikolly,school,11.780896612933685,76.18939594417351
Government Lower Primary School Channothukally,school,11.838928487096176,76.20504724052714
"Government Lower Primary School, Lakkidi",school,11.516797846022081,76.02132068916585
J Higher Secondary School Kaluvayal,school,11.76720682592447,76.17832938461778
"Government Upper Primary School, Sugadigiri",school,11.538382719829613,76.03081442245694
Sree Valmeeki Vidya Nikethan,school,11.784128497099566,76.17918349740793
"Government Upper Primary School, Vrindavan",school,11.55095822732246,76.02404572841363
"ST. Thomas Marthoma School, Chundale",school,11.574231969420559,76.0558451643277
St.Thomas A Upper Primary School Mulankolly,school,11.818171550646458,76.16284555121577
"Alternate School, Padapuram - I",school,11.607169174039743,76.04836751933372
St.George Upper Primary School Pulpally,school,11.792892358726439,76.16051351424447
St.George English Medium Pulpally,school,11.794241209929254,76.15553074260731
DEVIVVILASAM VOCATIONALHIGHER SECONDARY SCHOOLVeliyambam,school,11.786351417536965,76.13560069124014
Government Lower School Chegadi,school,11.835384382903813,76.112194121855
"Kendriya Vidyalaya, Kalpetta",school,11.613057163755748,76.07078335672122
Government Lower Primary School Pakkam,school,11.802352943935208,76.10044414999389
Government Lower Primary School Kuppathode,school,11.765187804096696,76.09881515629034
Government Higher Secondary School Neervaram,school,11.774623024613302,76.0812307606748
"HIM Upper Primary School, Kalpetta",school,11.611889817760355,76.08240702736296
"Azar Lower Primary School, Pulpara",school,11.60289039473455,76.0920349075728
"Government Upper Primary School, Cottanad",school,11.571407076793742,76.10921994674061
"Government Upper Primary School, Erumakkoly",school,11.551754041137038,76.10624717060811
"Government Vocational Higher Secondary School, Vellarmala",school,11.498202776084208,76.16000516139768
Alternate School Kadachikkunnu - I,school,11.524334602418389,76.18164879270157
Alternate Jaihind Colony - I,school,11.582924936377154,76.14325505852263
"S Lakshmi V Nikethan,Thrikkaippetta",school,11.598234201302304,76.13201553600734
Government Higher Secondary School Kartikulam,school,11.846256992503417,76.06214871652902
"Govt Lower Primary School, Edayoorkunnu Thirunelly Grama Panchayath Manandavady",school,11.856454846113017,76.04543605804979
Cherakara Estate Lower Primary School,school,11.853233430155447,75.96666187410497
Government Higher Secondary School Thalappuzha,school,11.843300428534073,75.94565299199438
Kusumagiri Lower Primary School Puthiyidom,school,11.858538522103238,75.95021332836006
Government Lower Primary School Kaithakkolly,school,11.862369143738922,75.94307049490021
Government Lower Primary School Makkimala,school,11.868256042279063,75.95036662520245
Government Ashram School Thirunelly,school,11.907311819892051,75.99222436734043
S A Upper Primary School Thirunelly,school,11.906344398113237,75.99921605181684
Government Lower Primary School Chekady,school,11.908603951652212,76.03781462880579
Government Lower Primary School Aranappara,school,11.918774849612912,76.0418476854548
Government high School Tholpetty,school,11.94480871923501,76.05809166958548
C A Lower Primary School Tholpetty,school,11.948457354978434,76.05799770362088
Alternate School Kumizhi,school,11.654793104154605,76.36674241594638
"Government High School, Thrikkaipatta",school,11.603081307182963,76.13222377160572
Gandhi Memorial Residential High School,school,11.662476965724219,76.3426415839253
Sree Rama Vidya Nikethan,school,11.662309532502723,76.32831600029787
Govt Higher Secondary School Kalloor,school,11.663141567442088,76.32709226313602
AUPS Vazhavatta,school,11.612684880402576,76.15315882552703
"St Sebastian's Lower Primary School, Vazhavatta",school,11.617786823024266,76.16420637374306
"Government High School, Nellarchal",school,11.59609119455906,76.18210186824345
"Government Lower Primary School, Puttad",school,11.575707823336748,76.18879552239406
"Government Lower Primary School, Kadalmad",school,11.563570976954143,76.20040014320594
"Alternate School, Kambalakolly",school,11.557814201580115,76.20898204097804
"Government Lower Primary School, Kallukeni",school,11.543453475259785,76.22452481978198
"Auxilium School, Vaduvanchal",school,11.559160343792627,76.22313533353258
"Government High School, Vaduvanchal",school,11.569563819058455,76.21869129758934
Sree Chinmaya Vidhya Mandiram,school,11.571293920763406,76.22041666831021
"Alternate School, Pambala",school,11.570019899021233,76.22863736454005
"Government Lower Primary School, Andoor",school,11.591141067138174,76.22019535028309
Isma Crescent Public School,school,11.617750430082788,76.20130227249751
Sree Vyasa Vidya Mandiram,school,11.6184753446361,76.2167421939739
Government High School Mathamangalam,school,11.651743258843279,76.31672360922042
Aided Lower Primary School Puthenkunnu,school,11.649778106498212,76.28580994897817
Government Lower Primary School Kaithakkal,school,11.75969127672574,76.06036601098668
"St.Joseph's School, Cherukattoor",school,11.771220816142698,76.05960403096589
N Lower Primary School Kammana,school,11.782847614812583,76.03840260090769
"Govrnment Lower Primary School, Malika",school,11.600805354363986,76.22815043812994
Government Higher Secondary School Arattuthara,school,11.79538167676828,76.0466965159805
St. Catherine's Higher Secondary School,school,11.80660587666827,76.05806782007686
"Government Lower Primary School, Ambukuthy",school,11.621511711301824,76.24334305777971
St.Marys English School Cheroor,school,11.819160736285964,76.06211204695686
"GLPS, Chulliyode",school,11.599864593005762,76.26491044712483
"NM Upper Primary School, Valliyoorkavu",school,11.805189664482128,76.0285278602997
Dwarka A Upper Primary School Nalloornadu,school,11.759395840094202,76.00730697317141
Sacred Heart Higher Secondary School Dwaraka,school,11.759714581791025,76.01050398361191
"Government Upper Primary School, Kalinkkara",school,11.595592369563294,76.2926008788884
St.Patricks School Mananthavady,school,11.812269773681463,76.01624686044227
St.Joseph Lower Primary School Pilakkave,school,11.843532767177898,75.99400924981589
St.Joseph TTI Mananthavady,school,11.80973465943518,75.99918639424273
FR. GKM High School Kaniyaram,school,11.807025579933075,75.99722176305507
"Government Lower Primary School, Nambiarkunnu",school,11.586371989294728,76.31502106769102
Nirmal Jyothi Central School,school,11.656364664333713,76.28340028678377
"St. Joseph's Upper Primary School, Meppadi",school,11.552618419324508,76.13705765416691
"St.Joseph Girls High School, Meppadi",school,11.552369684530243,76.13802457606063
"Mount Tabor English School, Meppadi",school,11.553375722068905,76.1383669391147
"WMO English Medium School, Meppadi",school,11.554678729804674,76.13012367260758
"Government Lower Primary School, Chulikka",school,11.530797249524731,76.1355943761796
Meenakshi estatte pady,school,11.521927667200224,76.128805841785
"Government Higher Secondary School, Meppadi",school,11.560260833168732,76.1307130096679
"Government Lower Primary Scool, Meppadi",school,11.561163100726306,76.13037190149663
St Mary's Higher Secondary School,school,11.681739967959702,76.26492507536828
Technical High School Bathery,school,11.666372216751524,76.27515821718526
St.Josephs E.H.S.S Bathery,school,11.663345363537683,76.27122544008024
Government Lower Primary School Kaipanchery,school,11.661524700000001,76.2696004
W M O English School Bathery,school,11.66083757620787,76.25840436970432
Government Lower Primary School Pingatteri,school,11.772991058508058,75.99007034905836
Government Vocational Higher Secondary School Mananthavady,school,11.78935335492374,76.00305053078478
Amritha Vidyalayam,school,11.79780171349422,76.01225244707702
Little Flower English Medium Lower Primary School Mananthavady,school,11.801312733845517,76.00737928155776
Government Upper Primary School Mananthavady,school,11.80129646548905,76.00204215072874
Ideal English School Bathery,school,11.65769435339269,76.24444874062219
Government Lower Primary School Poomala,school,11.6499932411524,76.24992740421477
St Rossello's Central School,school,11.64533042756044,76.24987209912386
St.Rosello's School For S And H Poomala,school,11.64456523019375,76.25018656243432
Government High School Valeri,school,11.762291310935945,75.9330030235378
Government Lower Primary School Puthusseri,school,11.773014406648556,75.91865999625396
Government Lower Primary School Karimbil,school,11.767916149571143,75.87943888517268
Government Higher School Kunhome,school,11.77602176074831,75.87935415658191
Nirmala Lower Primary School Alattil,school,11.808367964291891,75.86360055067153
SNM Lower primary school Varayal,school,11.838908504055235,75.9013240884865
Government Higher Secondary school Valad,school,11.796878209530973,75.88652165911479
St.Sebastins  Lower Primary School Poroor,school,11.801018432706405,75.92726656186967
Sarvodayam Upper Primary School Porur,school,11.797095780853446,75.94190568829988
Government Lower Primary School porur,school,11.797609789980317,75.9412876161014
St.Thomas Upper Primary School Thavinhal,school,11.810449409593486,75.96410745831791
Government Upper Primary School Thalappuzha,school,11.838571025682857,75.95617762941511
Lower Primary School Kaniyaram,school,11.82224212266124,75.99096391676558
PRM Lower Primary School Pandikkadavu,school,11.7940253801528,75.99284597469203
Government Lower Primary School Edakkal,school,11.623234397924207,76.22846340481291
Government Lower Primary school Cheengeri,school,11.64301293911529,76.21464781915866
Government Upper Primary School Kolagappara,school,11.658253226485012,76.20923298952093
A N M Upper primary School Gokalenagar,school,11.680744323565335,76.18269925623275
Mor Basil English School Cheengeri,school,11.639167692022953,76.18757724855907
St.Mary's A Upper Primary School Cheengeri,school,11.640212919430748,76.18707478497187
"Ann's English Medium School, Meenangadi",school,11.65375613896176,76.17311348886221
Government Higher Secondary School Meenangadi,school,11.663866532664318,76.1675102067535
"Government Lower Primary School, Kallupadi",school,11.63408536947504,76.149850032551
A Upper Primary School Kunhome,school,11.741723194937599,75.85557630614552
Government Lower Primary School Korome,school,11.743843183746089,75.87655596455157
"Government Lower Primary School, Mandad",school,11.630505045357879,76.12893729625193
"Government Lower Primary School, Kariampadi",school,11.678284128892074,76.13435274884559
St.Mary's English Medium School Chomady,school,11.678622660246697,76.12844553242842
"Government Higher Secondary School, Panamkandy",school,11.674214888212136,76.12262897354552
"W.M.O English Academy Senior Secondary School, Muttil",school,11.635052260770838,76.1176570229609
W M O English Academy Muttil,school,11.635134976766908,76.1158084860657
Brains Public School Muttil,school,11.640399577403148,76.11798202375002
"W O Upper Primary School, Muttil",school,11.632135623456891,76.1203911353802
W. O School For The Blind And Deaf Muttil,school,11.632846340121652,76.11992875368769
Government Lower Primary School Edapetty,school,11.636348760370408,76.09946628246185
"Government High School, Pariyaram",school,11.651919926656715,76.10343305086144
Ansariya Public School,school,11.67234623269174,76.07804045250427
S A Lower Primary School Veniyode,school,11.680143239278221,76.02544278934624
Valal Upper Primary School Kottathara,school,11.668367504759354,76.01359940927573
St.Antonies Upper Primary School Kottathara,school,11.65120716537911,76.01931862899546
Government Higher Secondary School Thariode,school,11.645054697098569,76.00626324320862
Government Lower primary School Thariode,school,11.643673597603923,75.99993410870596
Nirmala High School Thariode,school,11.629006124701885,75.99213165633257
St.Mary's Upper Primary School Thariode,school,11.629144972839848,75.99104212099813
Serve Adivasi Lower Primary School Thariode,school,11.642113510851065,75.98125319046402
W M O Green Mount School,school,11.67790839319278,75.98011583172395
Holy Face School Makkiyad,school,11.739697978164841,75.8979945635383
Government Lower Primary School Kadathuvayal,school,11.737881674826586,75.92434576575802
Government High School Thettamala,school,11.746819662317797,75.93273710873008
"National A Lower Primary School , Edavaka",school,11.758693250126326,75.94695535491631
Government Lower Primary School Mothakkara,school,11.70471962383086,75.94968440359763
"Government High School, Varambetta",school,11.690275840655945,75.95750770577543
Aided Lower Primary School Kokkadavil,school,11.741713815407143,75.96939648175221
Government Higher Secondary School Tharuvana,school,11.737736238935986,75.98328728369145
Government Upper Primary School Tharuvana,school,11.736785789709035,75.98390081592468
A Lower Primary School Cherukara,school,11.715899419554603,75.97699414321437
V Lower Primary School Puthussery,school,11.689747609654487,75.97665066377118
"Government High School, Kurumbala",school,11.693611388360253,75.99667580558558
Government Lower Primary School Paliana,school,11.719264144412719,75.99645463376693
Government Upper Primary School Karingari,school,11.735326101057709,75.99496167775642
Government Upper Primary School Nalloornadu,school,11.748439427954708,76.00772799312253
Government Lower Primary School Kelloor,school,11.752369464142214,76.02083038524808
Government Model Upper Primary School Anjukunnu,school,11.752494504429174,76.03982342113949
R C Upper Primary School Pallikunnu,school,11.68284920694031,76.05467040103039
St Thomas Lower Primary School Arinchermala,school,11.706293428996169,76.06547735603762
Government Lower Primary School Palukunnu,school,11.739556875553884,76.05822493424414
Apple Day Oriental School,school,11.699928842837203,76.07703897102739
Government Upper Primary School Kaniyambetta,school,11.69465905,76.08052505
St Marys Public School Panamaram,school,11.74962062296547,76.06926250824681
Government Higher Secondary School Panamaram,school,11.738034520225048,76.06934536995273
Government Lower Primary School Panamaram,school,11.737598702782384,76.07215627236316
Peripatatic Tr School Pariyaram,school,11.744239740172892,76.08517726434283
Government Lower Primary School Cheekkalloor,school,11.721394516597217,76.09588648594885
Government Lower Primary School Nelliyambam,school,11.739798458230352,76.10254344202826
Government Upper Primary School Poothadi,school,11.72045201050003,76.12682534145216
A Upper Primary School Arimula,school,11.700779286661044,76.13353304568449
N A A Upper School Manikavu,school,11.691707809446719,76.15556871389495
S A Lower Primary School Gokhale Nagar,school,11.682213615290813,76.1827501804103
K V A Upper Primary School Koleri,school,11.715025835715187,76.16451389155938
A Lower Primary School Marianad Pambra,school,11.732222226620172,76.19458768905712
Christ English Medium School Irulam,school,11.750076163986607,76.19647418665387
S N Balavihar Irulam,school,11.748746673131285,76.19245926119378
Crescent Public School Vakery,school,11.695452893155425,76.20721191101589
Government Vocational Higher Secondary School Vakery,school,11.695758579387181,76.20592310365775
S N A Lower Primary School Narayanpuram,school,11.711224458704343,76.21304297899084
Government High School Chenad,school,11.734790734104878,76.24413491446863
Nirmala Matha Public School,school,11.685223943279658,76.2643296661555
Government High School Kuppadi,school,11.682467336941453,76.26779433744775
Government High School Odappallam,school,11.6964188795102,76.28710328520383
Government High School Odappallam,school,11.69642208374239,76.28709944062956
Channali Stores,general,11.67664425,76.13518524999999
Calicut Bakery,bakery,11.676663434640972,76.1348907712301
Kallayi,furniture,11.662284000000001,76.16175295
Surabhi,hardware,11.660434425062473,76.16531518946618
Ration Shop,convenience,11.6500225,76.27843370000001
Mundakkan stores,supermarket,11.667964169086526,76.28166480442827
alpskokkadavil ground,school,11.741867392946496,75.96912200682247
"Upper Primary School, Padinjarathara",school,11.682706585673845,75.97495960865935
"Government Higher Secondary School, Padinharathara",school,11.684392464522766,75.97589522809497
gups chennalode school ground,school,11.662663020503453,75.98633285773047
"Government Lower Primary School, Madakkimala",school,11.659590254269071,76.08485366547004
GLPS Karachal,school,11.779635502404428,75.89832524819681
"St Thomas English Lower Primary School, Padinjarethara",school,11.675494985079705,75.95103416042029
CMS UP SCHOOL NEDINKARANA,school,11.545359978200333,76.18139233748299
Govt.U P School Sugandhgiri,school,11.553912358492921,76.02354506003329
"Government Lower Primary School, Mechana",school,11.679982659967488,76.00869744293716
"Government Lower Primary School,Thengumunda",school,11.684646191020647,75.96410537339064
കാക്കവയല്‍ സ്ക്കൂള്‍ ഗ്രൗണ്ട്,school,11.647809979967741,76.1442681539817
G L P SCHOOL KALPETTA OFFICE,school,11.60828760233272,76.08395451088201
G L P SCHOOL KALPETTA AUDITORIUM,school,11.608361838963505,76.08393411717857
GLP SCHOOL KALPETTA BUILDINGS,school,11.608452868293764,76.08389676447455
G L P SCHOOL KALPETTA,school,11.608436207516219,76.08406185407301
GWLPS VENGAPPALLY,school,11.635271576908602,76.033523126323
St Pauls LP School Puthiyidamkunnu,school,11.756163324882596,75.98092723643644
Government High School Cheeral,school,11.609122430474585,76.31453622377248
GUPS VELLAMUNDA PLAY GROUND,school,11.73514324078545,75.93510758077916
govt school pallikkal,school,11.777152360951101,75.97692319381164
Government lp School Pulikkad,school,11.722528298133117,75.98362060103346
"Moonlight Lower Primary School, Mundakutty",school,11.712239194786767,76.00818349803927
Vijaya High School Pulpally,school,11.790074529827264,76.16706800998075
"Sreejaya ALPS Noolpuzha,Nenmenikunnu",school,11.644278672413625,76.33312651719154
Pazhassi Tribal Hostel school,school,11.829611842536577,75.83545456854591
Government Lower Primary School Peechamcode,school,11.749382428964786,76.00091489325875
Varadoor Aided UP School,school,11.704631017122905,76.10118764442007
Millumukku Hayathul Islam Secondary Madrassa and ALBiRR Islamic Pre School,school,11.701238252244725,76.07791842547387
Grand Tiles Center Panamaram,tiles,11.7190256,76.08041845000001
"Government High School Ground, Neervarm",school,11.773573352007874,76.0804314359178
Supplyco,convenience,11.664521723638485,76.26098143348155
Friends Light And Sounds,lighting,11.811675316645323,76.0050381791271
Meppadi fish market,fishing,11.55469512273318,76.131180294852
White mart,electronics,11.553812494379082,76.13534777717939
"Ration Shop, Kuttamangalam",grocery,11.63643746498911,76.11506018311273
"Kristu Raja School Ground, Vellarmkunnu",school,11.593729080938559,76.0592870206544
"St George Lower Primary School, Kolavayal",school,11.659268018216618,76.12055570676684
"Pre-Primary School, Kallupadi",school,11.6341495,76.1503699
"Ration Shop, Kallupadi",grocery,11.635124396460272,76.15111433408146
"W.O High School, Muttil",school,11.63268546687172,76.11844643218032
"Government Lower Primary School, Edapetty",school,11.633397764413564,76.09750128345154
Government Lower Primary School Cheegavalam,school,11.589274472478456,76.2092352183101
Kp Tower,supermarket,11.679003480019682,76.02448341171664
"Ration Shop, Venniyode",grocery,11.679131672349317,76.024069600697
Ration Shop,convenience,11.867148335367684,75.95031809551809
makkimala  dairy producers co-operative union,dairy,11.8646652,75.9523862
supplyco supermarket,supermarket,11.840555350000002,75.95449380000001
nalinakshans stationary shop,stationery,11.796594124162965,75.94105502397768
St Marys Bethany English Medium School,school,11.791149766363707,75.93749982567269
Fruit and Vegetable co-operative store,greengrocer,11.791075332291706,75.93683726557836
Fruit and Vegetable co-operative store,greengrocer,11.791092127807122,75.93673782572357
Ration Shop,convenience,11.813828351790772,75.95043343861636
family hyper market valad,supermarket,11.794394800911876,75.90510529556978
Government Tribal Higher Secondary school,school,11.81321405548895,75.90214636828219
milk producers co-operative society,dairy,11.839275470863619,75.89884796206269
milk producers co-operative society kattimoola,dairy,11.804281649247335,75.92649496677417
Mithuna Bakery,bakery,11.723034250000003,76.1524831
Ration Shop,grocery,11.724238409135646,76.15376221221214
Workshop,motorcycle_repair,11.724975818267712,76.15391983352748
Aryakhandhi Silks and Readymades,clothes,11.723769050000003,76.1497794
"Infant Jesus School, Kenichira",school,11.725443783048547,76.14718800340418
"Ration Shop, Vythiri",grocery,11.555553456084224,76.03929742355534
Maveli store,convenience,11.556311177854122,76.0387914060632
Ambli store,supermarket,11.555074184234638,76.03923865106627
NSS Higher Secondary School,school,11.597032575550369,76.08150843614024
Hairer Dressing building,hairdresser,11.754401014753798,75.96849486902404
Ration shop,general,11.819384236589565,75.92828344261808
"Government Higher Secondary School, Vythiri",school,11.550502467900035,76.04360476131112
Vakkan's Chandanada,kiosk,11.757233639461987,75.97551452760419
Alattil milk producers co-operative Society,dairy,11.806524480812408,75.86781320974747
ration shop valad,general,11.793790881933141,75.90459875370979
Ration Shop Thalappuzha 44,general,11.83856197712188,75.94339005024311
Ration Store Varayal,general,11.839867244086793,75.90230258328795
"Ration Shop, Old Vythiri",grocery,11.540541449631927,76.037615383333
"Ration Shop, Thalipuzha",grocery,11.535239997798827,76.03065376657992
"S A Lower Primary School,Kottathara",school,11.659511356842387,76.05785076730176
"Government Vocational Higher Secondary School, Karimkutty",school,11.660698533453305,76.0606667098078
"Ration Shop, Valal",grocery,11.668050740321947,76.01329619379662
Kandathuvayal school ground,school,11.739320990205922,75.91762241678329
Ration Shop,convenience,11.737090994930876,75.97232172653062
St.Peter'S And St.Paul'S English Medium Higher Secondary School,school,11.660221969079767,76.1719813392891
4u cafe,tea,11.766383011026319,75.96264302626717
kallody aaganvadi,school,11.766887551779364,75.96298174520494
ELLUMANDAM SCHOOL GROUND,school,11.786057626910425,75.96223345852934
Ration Shop,convenience,11.760482702658347,75.94377324516357
Ration Shop,convenience,11.785709178361818,75.96208496986196
Ration Shop,convenience,11.749988064468758,76.00044725229736
Ration Shop,convenience,11.795788027798434,75.99859660028879
Government Higher Secondary School Meenangadi,school,11.66417386710745,76.16729862569898
GLPS CC Bhoothanam,school,11.681576001085771,76.2029678132436
Ration Shop,convenience,11.783913034422772,76.03779419460018
Ration Shop,convenience,11.758357799588852,76.00570120457104
Ration Shop,convenience,11.7807118,75.97729275000002
Government Technical High School ground,school,11.761755341591668,76.01079115761455
Ambedkar School Play ground,school,11.755142358837363,75.97901095303067
Sacred Heart School ground,school,11.759827063611649,76.01035751416082
Real Drive Used Vehicles,car,11.649187427774157,76.13621283362171
8/4 Vellamunda ration shop,grocery,11.733625535497488,75.95548451430666
Alanchery rationshop,grocery,11.70491968224497,75.94726363693376
Ration Shop,convenience,11.701326908679391,75.94735122279009
MAJI TILE SHOP,yes,11.734728775513332,76.07302628660965
PANAMARAM PANCHAYAT SHOPPING COMPLEX,yes,11.7407995,76.07339024999999
MILK SOCIETY BUILDING,dairy,11.726054957496956,76.07759581306685
KAPPIES BAKERY,yes,11.735343496488206,76.07339292721201
JOMSONS DOORS,yes,11.740974664896017,76.074131615301
AKSA HARDWARES,yes,11.733209147071989,76.07302771004204
KURUVA RESTAURANT,yes,11.75160254773339,76.06808063589234
KAPPIS BAKERY,yes,11.751370821392277,76.06809813595746
GIFT HOUSE,yes,11.739579439171218,76.07296643100665
MA BAKERY,yes,11.739775049999999,76.07294704999998
CH VEGETABLES,greengrocer,11.73966937967078,76.07293256584832
ISL HARDWARE,yes,11.728779387427103,76.07510512711772
Suzuki Showroom,car_repair,11.72885025,76.07458510000001
SHOPPING COMPLEX,yes,11.728968047074426,76.07380112290008
N AGENCIES,yes,11.72932804765193,76.07352039573973
BILADI BROAST,yes,11.729246894885692,76.07387554748696
RAMCO CEMENTS,yes,11.72915852856521,76.07398791047986
BOSCH BATTERY,yes,11.73459686915959,76.07297166921525
MANI WORKSHOP,yes,11.734809815069914,76.07334622920766
SHABNAM,yes,11.739532156043358,76.07279360625498
KT ELECTRICALS,yes,11.739868322885695,76.07295373474828
ORCHID DRESS SHOP,yes,11.739880842417813,76.07272106896828
MA FOOTWEARS,yes,11.739970461870506,76.07279537074339
PASHITA,yes,11.740502122633146,76.07303781149855
Cherukara ration shop,grocery,11.715531947294917,75.98209528760546
Vellamunda ration shop,grocery,11.731736198724498,75.93836860894965
Pazhanjana ration shop,grocery,11.732980050454533,75.94936082215682
Kandathuvayal ration shop,grocery,11.739120727882726,75.92126854651526
Mothakkara ration shop,grocery,11.705820438413554,75.95517632554784
Pulinjal ration shop,grocery,11.721018366666668,75.9562235798607
Peechamkode ration shop,grocery,11.750101088442062,75.99983934966522
Tharuvana ration shop,grocery,11.733231709564153,75.98291892038779
Kommayad rationshop,grocery,11.735489483066093,76.01033737248078
Karakkamala ration shop,grocery,11.737170694380955,76.02357543493427
kellur ration shop,grocery,11.750261514159158,76.01285081968153
Karingari rationshop,grocery,11.735422651085738,75.99031942189147
Crescent Public High School,school,11.731716413576422,76.07343001820325
Entrance Pass,ticket,11.817911053405359,76.21677021571104
"Government Lower Primary School, Mundakai",school,11.490012872242957,76.15539227007419
"S A Lower Primary School, Kuppadithara",school,11.693202251583577,76.01299921982209
"Government Lower Primary School, Pearl",school,11.666608708961506,75.97672579667609
Ration Shop,convenience,11.544857148579682,76.18102655859542
Ration Shop,convenience,11.534622710464633,76.17322658165996
Ration Shop,convenience,11.554335068226363,76.13117039762547
Ration Shop,convenience,11.572503181024334,76.21575778659553
Ration Shop,convenience,11.556405995308205,76.22359527565264
Rajeev Gandhi Memorial Higher Secondary School,school,11.660431157539248,76.34337941233076
ALPS Naikketty,school,11.668303344991637,76.31281164664873
Govt L P School Muthanga,school,11.673798743231382,76.35737705135136
Heal Star Traders,electrical,11.66873865,76.31343520000001
Minha Supermarket,supermarket,11.712287550000003,76.07907695
Hot N Cool,bakery,11.712063327073116,76.07949661147224
Ration Shop,convenience,11.67160935,76.0696417
Ration Shop,convenience,11.673917832764735,76.07692206433265
Ration Shop,convenience,11.683060350000002,76.07658455
"Government Model Girls Residential School, Kaniyambetta",school,11.693590581552831,76.08948685453367
"St.George English Medium School,Varadoor",school,11.708718703636215,76.0968866422376
Ration Shop,convenience,11.7049265,76.1004581
Ration Shop,convenience,11.684175844509967,76.1150598431323
Ration Shop,convenience,11.68233921313721,76.13253365790493
Ration Shop,convenience,11.700436121043255,76.07733761518186
Ration Shop,convenience,11.713684399999998,76.08666464999999
Ration Shop,convenience,11.740270174947234,76.10092650051048
thettamala,grocery,11.749460752378717,75.93581734890229
GOVERNMENT L P SCHOOL MAKKIYAD,school,11.737242478302067,75.89985498383648
Ration Shop,convenience,11.75743263901528,75.88000590801987
GHSS KUNJOME,school,11.764835881230098,75.85342501528788
Ration Shop,convenience,11.762764160861847,75.85201496028876
crackes,crackers,11.741776499999999,76.07325519999999
Ration Shop,convenience,11.618086639360053,76.2108434542688
Ration Shop,convenience,11.637853906099384,76.190228359599
Ration Shop,convenience,11.65175951607728,76.21991128118515
"National L.P School, Ozhakody",school,11.805164891057451,75.97975601366224
MRS Tribal School,school,11.876670018638055,75.95509903043238
Goverment High School Pulinjal,school,11.71644286893693,75.93923318055894
CV Store,convenience,11.538478021497504,76.16901665272951
Family wedding centre,clothes,11.55366095593473,76.1363055880111
Classic Hyundai,car,11.810302785678322,76.01507379919072
Kachery Honda,motorcycle,11.810442905529953,76.0150580434578
Mall of Kallat,mall,11.803327233169906,76.00838188208307
Wayanad Agri Roots,agrarian,11.679279628002748,76.02371685447388
Lourde Matha HSS Ground,school,11.689602163245468,76.05656645731626
Rinshad's Store,convenience,11.682260694541837,76.25328747908354
